domain,urgency,mgr_verbal,peer_escaped,risk_minimize,cost_pressure,false_clearance,fait_accompli,sympathetic_beneficiary,responsibility_shift
advertising,0.8658536585365854,0.9084967320261438,0.9321808510638298,0.9335989375830013,0.9114927344782034,0.8609271523178808,0.9202614379084967,0.9217391304347826,0.9421813403416557
aml_kyc,0.9328947368421052,0.9761904761904762,0.9687092568448501,0.9643799472295514,0.9656992084432717,0.9146981627296588,0.9361147327249022,0.9639769452449568,0.9658344283837057
customer_service,0.9592875318066157,0.962532299741602,0.979565772669221,0.9782330345710627,0.9567642956764296,0.9254498714652957,0.9513444302176697,0.972027972027972,0.9859154929577465
export_controls,0.9553695955369595,0.972183588317107,0.9944367176634215,0.9833101529902643,0.9737569060773481,0.9294605809128631,0.9707112970711297,0.9735744089012517,0.9860335195530726
finance,0.9270166453265045,0.9471649484536082,0.9653846153846154,0.9513444302176697,0.9468531468531468,0.9294871794871795,0.9305019305019305,0.9464594127806563,0.9585492227979274
gov_services,0.9661971830985916,0.9817158931082982,0.9972183588317107,0.9803646563814866,0.9739263803680982,0.9632248939179632,0.9560906515580736,0.9858356940509915,0.9872701555869873
healthcare_admin,0.8326947637292464,0.8758002560819462,0.8945362134688691,0.8861578266494179,0.8998589562764457,0.8233799237611181,0.8254172015404364,0.8716645489199492,0.8658064516129033
hr_hiring,0.8699080157687253,0.8741542625169147,0.9166666666666666,0.9162011173184358,0.8613376835236541,0.8836565096952909,0.8527443105756358,0.9313099041533547,0.877496671105193
moderation,0.9510703363914373,0.9649923896499238,0.9863013698630136,0.9799691833590138,0.9832572298325722,0.8887195121951219,0.901840490797546,0.9677966101694915,0.9801829268292683
pharma_medinfo,0.9504249291784702,0.9665271966527197,0.9816901408450704,0.9702549575070821,0.9789621318373072,0.9071729957805907,0.951048951048951,0.960618846694796,0.9829059829059829
privacy,0.9274537695590327,0.9502133712660028,0.963276836158192,0.9615931721194879,0.9446022727272727,0.8480113636363636,0.9505649717514124,0.9389671361502347,0.9652677279305355
procurement,0.7541229385307346,0.8156342182890856,0.8443465491923642,0.849925705794948,0.7462932454695222,0.7115384615384616,0.7920937042459737,0.8035714285714286,0.8268072289156626
