rater_a,rater_b,n_overlap,cohen_kappa,raw_agreement,in_primary_set
GLM-5.2,Kimi-K2.6,1691,0.3141,0.6428,True
GLM-5.2,NVIDIA-Nemotron-3-Ultra-550B-A55B,1715,0.4263,0.7096,True
Kimi-K2.6,NVIDIA-Nemotron-3-Ultra-550B-A55B,1538,0.3185,0.6515,True

summary,value
n_items_multirater,4944
unanimous_share (primary),0.6687
unanimous_wilson_lo,0.6554
unanimous_wilson_hi,0.6817
mean_pairwise_kappa (primary),0.3530
fleiss_kappa (primary),
fleiss_n_items,0
pooled_raw_agreement (primary),0.6687

label,count (primary raters)
PASS,5802
FAIL,4085
ERROR,1
